{
  "rmse": 0.9173526389726934,
  "mae": 0.7057973466180697,
  "precision_at_10": 0.011073253833049404,
  "recall_at_10": 0.005887042632644684,
  "f1_at_10": 0.007687214374951104,
  "coverage": 0.5473776994270604,
  "best_alpha": 0.5,
  "best_n": 30
}