{
  "User+Item Bias": {
    "rmse": {
      "mean": 0.8564672404359618,
      "std": 0.004854833927546715,
      "folds": [
        0.8651251135927662,
        0.854453020968076,
        0.8568582996868432,
        0.8503103106818193,
        0.8555894572503043
      ]
    },
    "mae": {
      "mean": 0.655151841752601,
      "std": 0.004129036319649868,
      "folds": [
        0.6628837486163344,
        0.654031965484273,
        0.6549141753521209,
        0.6505798395808261,
        0.6533494797294503
      ]
    },
    "precision": {
      "mean": 0.08051125326425031,
      "std": 0.006078549533903697,
      "folds": [
        0.08159203980099501,
        0.07383333333333333,
        0.09130434782608694,
        0.08003355704697987,
        0.07579298831385642
      ]
    },
    "recall": {
      "mean": 0.06624262301482314,
      "std": 0.00651721407050045,
      "folds": [
        0.06680218413700409,
        0.059973954819153144,
        0.07851585490035005,
        0.06350139256831844,
        0.062419728649289956
      ]
    }
  },
  "CF (SGD)": {
    "rmse": {
      "mean": 0.8267994163430588,
      "std": 0.005156097729152518,
      "folds": [
        0.834249935462968,
        0.8232040920774145,
        0.8303272220829925,
        0.8195872367786932,
        0.8266285953132254
      ]
    },
    "mae": {
      "mean": 0.6329669947810633,
      "std": 0.0036733746085423646,
      "folds": [
        0.6388852883655348,
        0.6303875354270655,
        0.6343273794020964,
        0.6280780330423988,
        0.6331567376682211
      ]
    },
    "precision": {
      "mean": 0.019335353278109486,
      "std": 0.003642108609864234,
      "folds": [
        0.015920398009950248,
        0.021333333333333336,
        0.019397993311036792,
        0.025,
        0.015025041736227046
      ]
    },
    "recall": {
      "mean": 0.01655764659451503,
      "std": 0.004889027553261672,
      "folds": [
        0.012566094641196792,
        0.01705125630855815,
        0.016854299834256736,
        0.025162742741734467,
        0.011153839446828998
      ]
    }
  },
  "CF (SVD)": {
    "rmse": {
      "mean": 0.8451745720330187,
      "std": 0.005462631419706645,
      "folds": [
        0.8543068512031334,
        0.8425430838543501,
        0.8470593176460365,
        0.8378063054105025,
        0.8441573020510715
      ]
    },
    "mae": {
      "mean": 0.6447062763533825,
      "std": 0.004532026733508661,
      "folds": [
        0.65302268189243,
        0.642526357693538,
        0.6448069260904142,
        0.639428933142873,
        0.6437464829476576
      ]
    },
    "precision": {
      "mean": 0.08635034408704083,
      "std": 0.002983815505262301,
      "folds": [
        0.08706467661691543,
        0.084,
        0.09130434782608696,
        0.08674496644295303,
        0.08263772954924875
      ]
    },
    "recall": {
      "mean": 0.07266245774689171,
      "std": 0.0053445676869748205,
      "folds": [
        0.06581041802991847,
        0.06939173536857857,
        0.08186816335409038,
        0.07318592294774315,
        0.07305604903412803
      ]
    }
  },
  "Content-Based": {
    "rmse": {
      "mean": 0.8981215827456003,
      "std": 0.006666811022672677,
      "folds": [
        0.9051133261803654,
        0.8963692297574262,
        0.8984609112844771,
        0.8865401691074833,
        0.9041242773982499
      ]
    },
    "mae": {
      "mean": 0.6943618473989368,
      "std": 0.006030682894063281,
      "folds": [
        0.6999419589836442,
        0.6948042783394688,
        0.6915478145482681,
        0.6844676515981024,
        0.7010475335252009
      ]
    },
    "precision": {
      "mean": 0.015319539101196294,
      "std": 0.001314902640362403,
      "folds": [
        0.01592039800995025,
        0.015833333333333335,
        0.012709030100334449,
        0.0162751677852349,
        0.015859766277128547
      ]
    },
    "recall": {
      "mean": 0.008129103497378139,
      "std": 0.0007252461539287067,
      "folds": [
        0.009391200604477998,
        0.00784241732235433,
        0.008057876695087606,
        0.00819709994447145,
        0.007156922920499314
      ]
    }
  },
  "Random": {
    "rmse": {
      "mean": 1.8452393081750647,
      "std": 0.003197055420726412,
      "folds": [
        1.8481054844872242,
        1.8469454712763895,
        1.8399371070076453,
        1.8431959023515725,
        1.848012575752492
      ]
    },
    "mae": {
      "mean": 1.5066890651168507,
      "std": 0.0028876636461958247,
      "folds": [
        1.5113145640811636,
        1.505636988636785,
        1.5024835815593443,
        1.5061973028191427,
        1.5078128884878186
      ]
    },
    "precision": {
      "mean": 0.0068433319606078236,
      "std": 0.0011279314068161814,
      "folds": [
        0.006135986733001659,
        0.0075,
        0.008695652173913044,
        0.0063758389261744965,
        0.0055091819699499165
      ]
    },
    "recall": {
      "mean": 0.005177485234178987,
      "std": 0.0012398094480428373,
      "folds": [
        0.003769361642318748,
        0.00599308735995779,
        0.00701136200118475,
        0.0038844858706868317,
        0.005229129296746818
      ]
    }
  }
}