{
  "User+Item Bias": {
    "rmse": {
      "mean": 0.8564672404359618,
      "std": 0.004854833927546715,
      "folds": [
        0.8651251135927662,
        0.854453020968076,
        0.8568582996868432,
        0.8503103106818193,
        0.8555894572503043
      ]
    },
    "mae": {
      "mean": 0.655151841752601,
      "std": 0.004129036319649868,
      "folds": [
        0.6628837486163344,
        0.654031965484273,
        0.6549141753521209,
        0.6505798395808261,
        0.6533494797294503
      ]
    },
    "precision": {
      "mean": 0.08051125326425031,
      "std": 0.006078549533903697,
      "folds": [
        0.08159203980099501,
        0.07383333333333333,
        0.09130434782608694,
        0.08003355704697987,
        0.07579298831385642
      ]
    },
    "recall": {
      "mean": 0.06624262301482314,
      "std": 0.00651721407050045,
      "folds": [
        0.06680218413700409,
        0.059973954819153144,
        0.07851585490035005,
        0.06350139256831844,
        0.062419728649289956
      ]
    }
  },
  "CF (SGD)": {
    "rmse": {
      "mean": 0.8267994163430588,
      "std": 0.005156097729152518,
      "folds": [
        0.834249935462968,
        0.8232040920774145,
        0.8303272220829925,
        0.8195872367786932,
        0.8266285953132254
      ]
    },
    "mae": {
      "mean": 0.6329669947810633,
      "std": 0.0036733746085423646,
      "folds": [
        0.6388852883655348,
        0.6303875354270655,
        0.6343273794020964,
        0.6280780330423988,
        0.6331567376682211
      ]
    },
    "precision": {
      "mean": 0.019335353278109486,
      "std": 0.003642108609864234,
      "folds": [
        0.015920398009950248,
        0.021333333333333336,
        0.019397993311036792,
        0.025,
        0.015025041736227046
      ]
    },
    "recall": {
      "mean": 0.01655764659451503,
      "std": 0.004889027553261672,
      "folds": [
        0.012566094641196792,
        0.01705125630855815,
        0.016854299834256736,
        0.025162742741734467,
        0.011153839446828998
      ]
    }
  },
  "CF (SVD)": {
    "rmse": {
      "mean": 0.8451745720330187,
      "std": 0.005462631419706645,
      "folds": [
        0.8543068512031334,
        0.8425430838543501,
        0.8470593176460365,
        0.8378063054105025,
        0.8441573020510715
      ]
    },
    "mae": {
      "mean": 0.6447062763533825,
      "std": 0.004532026733508661,
      "folds": [
        0.65302268189243,
        0.642526357693538,
        0.6448069260904142,
        0.639428933142873,
        0.6437464829476576
      ]
    },
    "precision": {
      "mean": 0.08635034408704083,
      "std": 0.002983815505262301,
      "folds": [
        0.08706467661691543,
        0.084,
        0.09130434782608696,
        0.08674496644295303,
        0.08263772954924875
      ]
    },
    "recall": {
      "mean": 0.07266245774689171,
      "std": 0.0053445676869748205,
      "folds": [
        0.06581041802991847,
        0.06939173536857857,
        0.08186816335409038,
        0.07318592294774315,
        0.07305604903412803
      ]
    }
  },
  "Content-Based": {
    "rmse": {
      "mean": 0.912188002540996,
      "std": 0.004934776726940423,
      "folds": [
        0.9185686041818619,
        0.9115141879734238,
        0.9127359550222445,
        0.9035500580213052,
        0.9145712075061443
      ]
    },
    "mae": {
      "mean": 0.7118817929554135,
      "std": 0.004565668078643571,
      "folds": [
        0.7170345863839499,
        0.7138784960969857,
        0.7102209112840782,
        0.7038522444145867,
        0.7144227265974673
      ]
    },
    "precision": {
      "mean": 0.02236860080422117,
      "std": 0.0021947270172734895,
      "folds": [
        0.019402985074626868,
        0.024833333333333332,
        0.021404682274247494,
        0.025,
        0.021202003338898164
      ]
    },
    "recall": {
      "mean": 0.01355850755432649,
      "std": 0.001868861971059883,
      "folds": [
        0.010968758122639487,
        0.01677375167157611,
        0.01310914222953078,
        0.013787608848589488,
        0.013153276899296575
      ]
    }
  }
}