{
  "rmse": 0.9137363543692404,
  "mae": 0.7142905180703867,
  "ndcg_at_10": 0.022355239862364658,
  "precision_at_10": 0.0205685618729097,
  "recall_at_10": 0.013309303979502045,
  "f1_at_10": 0.01616118580670646,
  "coverage": 0.4742177170559718,
  "best_alpha": 0.5,
  "best_n": 30
}