{
  "baseline": {
    "rmse": 0.8573,
    "mae": 0.6564
  },
  "cf_sgd": {
    "rmse": 0.8498810044712188,
    "mae": 0.6486653140176495,
    "precision_at_10": 0.013628620102214651,
    "recall_at_10": 0.010426175653194855,
    "f1_at_10": 0.011814225199929024,
    "coverage_at_10": 0.14764213309828117
  },
  "cf_svd": {
    "rmse": 0.8690554920317275,
    "mae": 0.6637752614571474,
    "precision_at_10": 0.05383304940374787,
    "recall_at_10": 0.04425197593500948,
    "f1_at_10": 0.048574566780103925,
    "coverage_at_10": 0.08197443807844866
  }
}