{
  "User+Item Bias": {
    "rmse": 0.875988481020412,
    "mae": 0.6703232034499007,
    "precision": 0.0445578231292517,
    "recall": 0.0385796431919525
  },
  "CF (SGD)": {
    "rmse": 0.8499510132148234,
    "mae": 0.6493596526680524,
    "precision": 0.013605442176870748,
    "recall": 0.010777215625103542
  },
  "CF (SVD)": {
    "rmse": 0.8693317526769038,
    "mae": 0.6640720038305655,
    "precision": 0.054421768707482984,
    "recall": 0.04465093005969758
  },
  "Content-Based": {
    "rmse": 0.9160285338613486,
    "mae": 0.7039632614039542,
    "precision": 0.01207482993197279,
    "recall": 0.007051368431831035
  },
  "Random": {
    "rmse": 1.834745262419915,
    "mae": 1.5007107295381799,
    "precision": 0.0071428571428571435,
    "recall": 0.003700817892467842
  }
}